title,score,num_comments,created_utc,upvote_ratio,stocks_mentioned
Super Micro Computer- SMCI $26 - Avoid Till We Get Restated Financials,97,56,2024-11-06 02:11:01,0.93,ORCL
MCD and SOUN?,22,4,2024-11-18 20:35:29,0.77,MCD
TTEK $12 Billion contract ?,9,5,2024-11-12 23:41:46,0.74,MCD
My research and direction of McD,6,11,2024-11-19 05:10:53,0.61,MCD
EQIX and DLR - are they benefitting at all from AI datacenter buildouts?,4,7,2024-11-18 22:09:38,0.75,FB
Nike (NKE) stock is primed for A multi-year cycle of gains ,0,105,2024-11-11 08:29:37,0.38,NKE
"Nike to lay off 2% of employees, cutting more than 1,500 jobs amid restructuring",1137,136,2024-02-17 02:31:16,0.96,NKE
Ships that have sailed and those still set to sail,542,667,2024-02-04 20:11:59,0.92,FB
"What is the current ""META 2022""?",382,666,2024-02-11 21:11:56,0.79,FB
There are only 20 Mega Cap stocks with a P/E under 30,298,213,2024-06-25 05:52:51,0.93,CVX
What is your biggest one-company holding? ,288,839,2024-10-03 15:06:47,0.94,CVX
"McDonald's, Starbucks Struggle. Cava, Sweetgreen, Chipotle Stocks Are At All-Time Highs. What Gives?",284,240,2024-06-07 23:51:19,0.91,MCD
McDonaldâ€™s to extend $5 value meal offer into December in most U.S. markets,229,147,2024-09-12 16:53:54,0.86,MCD
